{"stats":{"minecraft:killed_by":{"minecraft:skeleton":1,"minecraft:zombie":2,"minecraft:iron_golem":1},"minecraft:picked_up":{"minecraft:iron_chestplate":2,"minecraft:crafting_table":7,"minecraft:coarse_dirt":1,"minecraft:feather":1,"minecraft:chicken":1,"minecraft:salmon":29,"minecraft:leather":1,"minecraft:wooden_pickaxe":5,"minecraft:shield":2,"minecraft:dirt":27,"minecraft:string":4,"minecraft:cooked_salmon":2,"minecraft:iron_leggings":2,"minecraft:bone":2,"minecraft:spruce_planks":298,"minecraft:beef":1,"minecraft:iron_ingot":18,"minecraft:stone_pickaxe":1,"minecraft:poppy":1,"minecraft:chest":3,"minecraft:iron_boots":2,"minecraft:furnace":12,"minecraft:stick":2,"minecraft:raw_iron":30,"minecraft:cooked_porkchop":1,"minecraft:torch":16,"minecraft:porkchop":8,"minecraft:sand":7,"minecraft:spruce_sapling":5,"minecraft:white_bed":2,"minecraft:spruce_log":79,"minecraft:spider_eye":4,"minecraft:spruce_door":11,"minecraft:stone_sword":2,"minecraft:arrow":2,"minecraft:rotten_flesh":5,"minecraft:spruce_boat":2,"minecraft:stone_axe":8,"minecraft:iron_helmet":2,"minecraft:bone_meal":1,"minecraft:mutton":1,"minecraft:coal":208,"minecraft:white_wool":2,"minecraft:cobblestone":109},"minecraft:used":{"minecraft:spruce_door":13,"minecraft:stone_pickaxe":157,"minecraft:spruce_planks":52,"minecraft:shield":6,"minecraft:chest":1,"minecraft:wooden_pickaxe":21,"minecraft:cooked_salmon":16,"minecraft:cooked_chicken":1,"minecraft:iron_chestplate":1,"minecraft:dirt":10,"minecraft:sand":5,"minecraft:crafting_table":7,"minecraft:white_bed":1,"minecraft:spruce_boat":2,"minecraft:iron_helmet":3,"minecraft:iron_boots":2,"minecraft:spruce_sapling":2,"minecraft:stone_axe":172,"minecraft:cobblestone":41,"minecraft:furnace":7,"minecraft:cooked_porkchop":3,"minecraft:coarse_dirt":1,"minecraft:iron_leggings":2},"minecraft:killed":{"minecraft:pig":3,"minecraft:salmon":36,"minecraft:spider":7,"minecraft:iron_golem":1,"minecraft:creeper":1,"minecraft:sheep":2,"minecraft:zombie":5,"minecraft:stray":2,"minecraft:chicken":1,"minecraft:cow":1},"minecraft:crafted":{"minecraft:cooked_porkchop":5,"minecraft:crafting_table":5,"minecraft:spruce_planks":256,"minecraft:wooden_pickaxe":2,"minecraft:iron_helmet":1,"minecraft:cooked_chicken":1,"minecraft:spruce_door":3,"minecraft:furnace":2,"minecraft:cooked_salmon":27,"minecraft:stone_axe":4,"minecraft:air":0,"minecraft:iron_boots":1,"minecraft:iron_chestplate":1,"minecraft:shield":3,"minecraft:stick":20,"minecraft:iron_ingot":30,"minecraft:stone_pickaxe":4,"minecraft:chest":1,"minecraft:iron_leggings":1,"minecraft:spruce_boat":2},"minecraft:custom":{"minecraft:interact_with_furnace":44,"minecraft:mob_kills":59,"minecraft:interact_with_crafting_table":23,"minecraft:bell_ring":1,"minecraft:leave_game":6,"minecraft:time_since_death":5915,"minecraft:sleep_in_bed":3,"minecraft:time_since_rest":5937,"minecraft:sprint_one_cm":220551,"minecraft:damage_taken":3812,"minecraft:walk_one_cm":71116,"minecraft:damage_blocked_by_shield":458,"minecraft:drop":32,"minecraft:damage_dealt":6559,"minecraft:swim_one_cm":151944,"minecraft:talked_to_villager":1,"minecraft:fly_one_cm":621574,"minecraft:open_chest":7,"minecraft:crouch_one_cm":14922,"minecraft:play_time":96289,"minecraft:deaths":10,"minecraft:sneak_time":5442,"minecraft:walk_under_water_one_cm":46204,"minecraft:boat_one_cm":58753,"minecraft:jump":2466,"minecraft:walk_on_water_one_cm":9284,"minecraft:total_world_time":96289,"minecraft:fall_one_cm":75463},"minecraft:dropped":{"minecraft:furnace":1,"minecraft:stone_axe":2,"minecraft:stone_sword":2,"minecraft:crafting_table":1,"minecraft:cooked_porkchop":1,"minecraft:feather":1,"minecraft:rotten_flesh":1,"minecraft:poppy":1,"minecraft:dirt":3,"minecraft:spruce_boat":2,"minecraft:shield":2,"minecraft:cooked_salmon":6,"minecraft:bone_meal":1,"minecraft:spider_eye":1,"minecraft:sand":1,"minecraft:wooden_pickaxe":2,"minecraft:white_wool":1,"minecraft:spruce_sapling":3},"minecraft:broken":{"minecraft:stone_axe":1},"minecraft:mined":{"minecraft:spruce_planks":9,"minecraft:white_bed":1,"minecraft:spruce_door":11,"minecraft:crafting_table":5,"minecraft:short_grass":1,"minecraft:grass_block":8,"minecraft:chest":1,"minecraft:cobblestone":2,"minecraft:spruce_leaves":12,"minecraft:coarse_dirt":1,"minecraft:furnace":6,"minecraft:iron_ore":30,"minecraft:ice":5,"minecraft:spruce_log":49,"minecraft:coal_ore":45,"minecraft:dirt":14,"minecraft:sand":5,"minecraft:stone":89,"minecraft:fern":1}},"DataVersion":3953}