{"stats":{"minecraft:dropped":{"minecraft:cooked_porkchop":1,"minecraft:feather":1,"minecraft:wooden_pickaxe":1,"minecraft:white_wool":1,"minecraft:spruce_sapling":1},"minecraft:custom":{"minecraft:time_since_rest":11620,"minecraft:interact_with_furnace":11,"minecraft:sprint_one_cm":66510,"minecraft:damage_taken":1030,"minecraft:walk_one_cm":16358,"minecraft:mob_kills":6,"minecraft:drop":5,"minecraft:damage_dealt":630,"minecraft:swim_one_cm":12819,"minecraft:interact_with_crafting_table":6,"minecraft:fly_one_cm":174217,"minecraft:crouch_one_cm":10048,"minecraft:play_time":24154,"minecraft:deaths":3,"minecraft:sneak_time":3268,"minecraft:walk_under_water_one_cm":2919,"minecraft:jump":691,"minecraft:walk_on_water_one_cm":4048,"minecraft:leave_game":5,"minecraft:time_since_death":11561,"minecraft:total_world_time":24154,"minecraft:fall_one_cm":20227},"minecraft:used":{"minecraft:stone_pickaxe":100,"minecraft:spruce_planks":11,"minecraft:wooden_pickaxe":11,"minecraft:spruce_sapling":1,"minecraft:cooked_chicken":1,"minecraft:stone_axe":26,"minecraft:dirt":10,"minecraft:cobblestone":25,"minecraft:crafting_table":2,"minecraft:furnace":3,"minecraft:cooked_porkchop":3},"minecraft:crafted":{"minecraft:cooked_porkchop":5,"minecraft:crafting_table":2,"minecraft:spruce_planks":52,"minecraft:stick":16,"minecraft:cooked_chicken":1,"minecraft:wooden_pickaxe":2,"minecraft:stone_pickaxe":2,"minecraft:furnace":2,"minecraft:stone_axe":2,"minecraft:air":0},"minecraft:picked_up":{"minecraft:crafting_table":1,"minecraft:chicken":1,"minecraft:feather":1,"minecraft:cooked_porkchop":1,"minecraft:wooden_pickaxe":1,"minecraft:porkchop":8,"minecraft:spruce_sapling":2,"minecraft:spruce_log":28,"minecraft:dirt":22,"minecraft:rotten_flesh":4,"minecraft:stone_axe":2,"minecraft:spruce_planks":1,"minecraft:coal":71,"minecraft:white_wool":1,"minecraft:cobblestone":63,"minecraft:furnace":2},"minecraft:killed":{"minecraft:sheep":1,"minecraft:zombie":1,"minecraft:pig":3,"minecraft:chicken":1},"minecraft:killed_by":{"minecraft:skeleton":1,"minecraft:zombie":2},"minecraft:mined":{"minecraft:spruce_planks":1,"minecraft:furnace":2,"minecraft:ice":2,"minecraft:spruce_log":28,"minecraft:crafting_table":1,"minecraft:grass_block":8,"minecraft:coal_ore":43,"minecraft:dirt":13,"minecraft:spruce_leaves":4,"minecraft:stone":60}},"DataVersion":3953}