{"stats":{"minecraft:dropped":{"minecraft:cooked_porkchop":1,"minecraft:wooden_pickaxe":1,"minecraft:white_wool":1,"minecraft:spruce_sapling":1},"minecraft:custom":{"minecraft:time_since_rest":58,"minecraft:interact_with_furnace":7,"minecraft:sprint_one_cm":35729,"minecraft:damage_taken":880,"minecraft:walk_one_cm":11186,"minecraft:mob_kills":4,"minecraft:drop":4,"minecraft:damage_dealt":490,"minecraft:interact_with_crafting_table":3,"minecraft:swim_one_cm":2063,"minecraft:fly_one_cm":98425,"minecraft:crouch_one_cm":6502,"minecraft:play_time":12592,"minecraft:deaths":3,"minecraft:sneak_time":1843,"minecraft:walk_under_water_one_cm":1117,"minecraft:jump":379,"minecraft:leave_game":5,"minecraft:time_since_death":0,"minecraft:walk_on_water_one_cm":1368,"minecraft:total_world_time":12592,"minecraft:fall_one_cm":13414},"minecraft:used":{"minecraft:stone_pickaxe":47,"minecraft:spruce_planks":5,"minecraft:wooden_pickaxe":4,"minecraft:spruce_sapling":1,"minecraft:stone_axe":20,"minecraft:cobblestone":5,"minecraft:crafting_table":1,"minecraft:furnace":2,"minecraft:cooked_porkchop":2},"minecraft:crafted":{"minecraft:cooked_porkchop":4,"minecraft:crafting_table":1,"minecraft:spruce_planks":24,"minecraft:stick":8,"minecraft:wooden_pickaxe":1,"minecraft:stone_pickaxe":1,"minecraft:furnace":1,"minecraft:stone_axe":1,"minecraft:air":0},"minecraft:picked_up":{"minecraft:cooked_porkchop":1,"minecraft:wooden_pickaxe":1,"minecraft:porkchop":7,"minecraft:spruce_sapling":2,"minecraft:spruce_log":21,"minecraft:dirt":10,"minecraft:rotten_flesh":4,"minecraft:stone_axe":1,"minecraft:coal":57,"minecraft:white_wool":1,"minecraft:cobblestone":24,"minecraft:furnace":1},"minecraft:killed":{"minecraft:sheep":1,"minecraft:zombie":1,"minecraft:pig":2},"minecraft:killed_by":{"minecraft:skeleton":1,"minecraft:zombie":2},"minecraft:mined":{"minecraft:furnace":1,"minecraft:ice":1,"minecraft:spruce_log":21,"minecraft:grass_block":4,"minecraft:coal_ore":29,"minecraft:dirt":6,"minecraft:spruce_leaves":1,"minecraft:stone":19}},"DataVersion":3953}