{"stats":{"minecraft:dropped":{"minecraft:stone_axe":1,"minecraft:stone_sword":1,"minecraft:cooked_porkchop":1,"minecraft:feather":1,"minecraft:dirt":2,"minecraft:sand":1,"minecraft:wooden_pickaxe":1,"minecraft:white_wool":1,"minecraft:spruce_sapling":1},"minecraft:custom":{"minecraft:interact_with_furnace":19,"minecraft:mob_kills":6,"minecraft:interact_with_crafting_table":13,"minecraft:leave_game":5,"minecraft:time_since_death":721,"minecraft:time_since_rest":749,"minecraft:sprint_one_cm":90983,"minecraft:damage_taken":1460,"minecraft:walk_one_cm":30069,"minecraft:drop":10,"minecraft:damage_dealt":630,"minecraft:swim_one_cm":14421,"minecraft:fly_one_cm":237506,"minecraft:open_chest":4,"minecraft:crouch_one_cm":14173,"minecraft:play_time":36154,"minecraft:deaths":5,"minecraft:sneak_time":4566,"minecraft:walk_under_water_one_cm":4687,"minecraft:jump":976,"minecraft:walk_on_water_one_cm":6545,"minecraft:total_world_time":36154,"minecraft:fall_one_cm":28738},"minecraft:used":{"minecraft:stone_pickaxe":153,"minecraft:spruce_planks":23,"minecraft:chest":1,"minecraft:wooden_pickaxe":16,"minecraft:cooked_chicken":1,"minecraft:dirt":10,"minecraft:sand":5,"minecraft:crafting_table":4,"minecraft:spruce_sapling":2,"minecraft:stone_axe":52,"minecraft:cobblestone":41,"minecraft:furnace":4,"minecraft:cooked_porkchop":3},"minecraft:crafted":{"minecraft:cooked_porkchop":5,"minecraft:crafting_table":2,"minecraft:spruce_planks":136,"minecraft:wooden_pickaxe":2,"minecraft:cooked_chicken":1,"minecraft:furnace":2,"minecraft:stone_axe":2,"minecraft:air":0,"minecraft:shield":1,"minecraft:stick":16,"minecraft:iron_ingot":21,"minecraft:stone_pickaxe":3,"minecraft:chest":1},"minecraft:picked_up":{"minecraft:crafting_table":3,"minecraft:feather":1,"minecraft:chicken":1,"minecraft:wooden_pickaxe":3,"minecraft:dirt":24,"minecraft:spruce_planks":81,"minecraft:iron_ingot":14,"minecraft:chest":1,"minecraft:furnace":5,"minecraft:stick":2,"minecraft:raw_iron":30,"minecraft:cooked_porkchop":1,"minecraft:porkchop":8,"minecraft:sand":7,"minecraft:spruce_sapling":5,"minecraft:spruce_log":49,"minecraft:stone_sword":1,"minecraft:rotten_flesh":4,"minecraft:stone_axe":4,"minecraft:coal":101,"minecraft:white_wool":1,"minecraft:cobblestone":103},"minecraft:killed":{"minecraft:pig":3,"minecraft:sheep":1,"minecraft:zombie":1,"minecraft:chicken":1},"minecraft:killed_by":{"minecraft:skeleton":1,"minecraft:zombie":2},"minecraft:mined":{"minecraft:spruce_planks":1,"minecraft:crafting_table":2,"minecraft:grass_block":8,"minecraft:chest":1,"minecraft:cobblestone":2,"minecraft:spruce_leaves":10,"minecraft:furnace":3,"minecraft:iron_ore":30,"minecraft:ice":2,"minecraft:spruce_log":49,"minecraft:coal_ore":45,"minecraft:dirt":14,"minecraft:sand":5,"minecraft:stone":83,"minecraft:fern":1}},"DataVersion":3953}