{"stats":{"minecraft:dropped":{"minecraft:stone_axe":1,"minecraft:stone_sword":2,"minecraft:crafting_table":1,"minecraft:cooked_porkchop":1,"minecraft:feather":1,"minecraft:dirt":2,"minecraft:shield":2,"minecraft:sand":1,"minecraft:wooden_pickaxe":1,"minecraft:white_wool":1,"minecraft:spruce_sapling":3},"minecraft:custom":{"minecraft:interact_with_furnace":37,"minecraft:mob_kills":22,"minecraft:interact_with_crafting_table":19,"minecraft:leave_game":5,"minecraft:time_since_death":7985,"minecraft:time_since_rest":8010,"minecraft:sprint_one_cm":96142,"minecraft:damage_taken":2310,"minecraft:walk_one_cm":36201,"minecraft:drop":16,"minecraft:damage_dealt":1135,"minecraft:swim_one_cm":92852,"minecraft:fly_one_cm":257950,"minecraft:open_chest":4,"minecraft:crouch_one_cm":14183,"minecraft:play_time":48154,"minecraft:deaths":7,"minecraft:sneak_time":4977,"minecraft:walk_under_water_one_cm":31528,"minecraft:jump":1068,"minecraft:walk_on_water_one_cm":7509,"minecraft:total_world_time":48154,"minecraft:fall_one_cm":31004},"minecraft:used":{"minecraft:spruce_door":7,"minecraft:stone_pickaxe":154,"minecraft:spruce_planks":38,"minecraft:chest":1,"minecraft:wooden_pickaxe":16,"minecraft:cooked_salmon":3,"minecraft:cooked_chicken":1,"minecraft:iron_chestplate":1,"minecraft:dirt":10,"minecraft:sand":5,"minecraft:crafting_table":5,"minecraft:iron_helmet":3,"minecraft:iron_boots":2,"minecraft:spruce_sapling":2,"minecraft:stone_axe":75,"minecraft:cobblestone":41,"minecraft:furnace":6,"minecraft:cooked_porkchop":3,"minecraft:iron_leggings":2},"minecraft:crafted":{"minecraft:cooked_porkchop":5,"minecraft:crafting_table":4,"minecraft:spruce_planks":256,"minecraft:iron_helmet":1,"minecraft:wooden_pickaxe":2,"minecraft:cooked_chicken":1,"minecraft:spruce_door":3,"minecraft:furnace":2,"minecraft:cooked_salmon":3,"minecraft:stone_axe":2,"minecraft:air":0,"minecraft:iron_boots":1,"minecraft:iron_chestplate":1,"minecraft:shield":3,"minecraft:stick":16,"minecraft:iron_ingot":30,"minecraft:stone_pickaxe":3,"minecraft:chest":1,"minecraft:iron_leggings":1},"minecraft:picked_up":{"minecraft:iron_chestplate":2,"minecraft:crafting_table":5,"minecraft:feather":1,"minecraft:chicken":1,"minecraft:salmon":11,"minecraft:wooden_pickaxe":5,"minecraft:shield":2,"minecraft:dirt":26,"minecraft:iron_leggings":2,"minecraft:spruce_planks":256,"minecraft:iron_ingot":14,"minecraft:stone_pickaxe":1,"minecraft:chest":3,"minecraft:iron_boots":2,"minecraft:furnace":10,"minecraft:stick":2,"minecraft:raw_iron":30,"minecraft:cooked_porkchop":1,"minecraft:torch":16,"minecraft:porkchop":8,"minecraft:sand":7,"minecraft:spruce_sapling":5,"minecraft:spruce_log":79,"minecraft:spruce_door":4,"minecraft:spider_eye":1,"minecraft:stone_sword":2,"minecraft:rotten_flesh":4,"minecraft:stone_axe":8,"minecraft:iron_helmet":2,"minecraft:coal":194,"minecraft:white_wool":1,"minecraft:cobblestone":103},"minecraft:killed":{"minecraft:pig":3,"minecraft:salmon":16,"minecraft:sheep":1,"minecraft:zombie":1,"minecraft:chicken":1},"minecraft:killed_by":{"minecraft:skeleton":1,"minecraft:zombie":2},"minecraft:mined":{"minecraft:spruce_planks":2,"minecraft:spruce_door":4,"minecraft:crafting_table":3,"minecraft:grass_block":8,"minecraft:chest":1,"minecraft:cobblestone":2,"minecraft:spruce_leaves":10,"minecraft:furnace":4,"minecraft:iron_ore":30,"minecraft:ice":4,"minecraft:spruce_log":49,"minecraft:coal_ore":45,"minecraft:dirt":14,"minecraft:sand":5,"minecraft:stone":83,"minecraft:fern":1}},"DataVersion":3953}