{"stats":{"minecraft:dropped":{"minecraft:stone_axe":1,"minecraft:stone_sword":2,"minecraft:crafting_table":1,"minecraft:cooked_porkchop":1,"minecraft:feather":1,"minecraft:rotten_flesh":1,"minecraft:poppy":1,"minecraft:dirt":3,"minecraft:spruce_boat":1,"minecraft:shield":2,"minecraft:spider_eye":1,"minecraft:bone_meal":1,"minecraft:sand":1,"minecraft:wooden_pickaxe":2,"minecraft:white_wool":1,"minecraft:spruce_sapling":3},"minecraft:custom":{"minecraft:interact_with_furnace":44,"minecraft:mob_kills":56,"minecraft:interact_with_crafting_table":21,"minecraft:bell_ring":1,"minecraft:leave_game":5,"minecraft:time_since_death":31985,"minecraft:sleep_in_bed":1,"minecraft:time_since_rest":8876,"minecraft:sprint_one_cm":153206,"minecraft:damage_taken":2821,"minecraft:walk_one_cm":55331,"minecraft:damage_blocked_by_shield":458,"minecraft:drop":23,"minecraft:damage_dealt":5625,"minecraft:swim_one_cm":141605,"minecraft:fly_one_cm":431412,"minecraft:open_chest":5,"minecraft:crouch_one_cm":14541,"minecraft:play_time":72154,"minecraft:deaths":7,"minecraft:sneak_time":5148,"minecraft:walk_under_water_one_cm":43021,"minecraft:boat_one_cm":58753,"minecraft:jump":1736,"minecraft:walk_on_water_one_cm":9201,"minecraft:total_world_time":72154,"minecraft:fall_one_cm":49633},"minecraft:used":{"minecraft:spruce_door":12,"minecraft:stone_pickaxe":156,"minecraft:shield":6,"minecraft:spruce_planks":41,"minecraft:chest":1,"minecraft:wooden_pickaxe":21,"minecraft:cooked_salmon":13,"minecraft:cooked_chicken":1,"minecraft:iron_chestplate":1,"minecraft:dirt":10,"minecraft:sand":5,"minecraft:crafting_table":6,"minecraft:spruce_boat":2,"minecraft:iron_helmet":3,"minecraft:iron_boots":2,"minecraft:spruce_sapling":2,"minecraft:stone_axe":152,"minecraft:cobblestone":41,"minecraft:furnace":6,"minecraft:cooked_porkchop":3,"minecraft:iron_leggings":2},"minecraft:crafted":{"minecraft:cooked_porkchop":5,"minecraft:crafting_table":4,"minecraft:spruce_planks":256,"minecraft:iron_helmet":1,"minecraft:wooden_pickaxe":2,"minecraft:cooked_chicken":1,"minecraft:spruce_door":3,"minecraft:furnace":2,"minecraft:cooked_salmon":27,"minecraft:stone_axe":3,"minecraft:air":0,"minecraft:iron_boots":1,"minecraft:iron_chestplate":1,"minecraft:shield":3,"minecraft:stick":20,"minecraft:iron_ingot":30,"minecraft:stone_pickaxe":4,"minecraft:chest":1,"minecraft:iron_leggings":1,"minecraft:spruce_boat":2},"minecraft:picked_up":{"minecraft:iron_chestplate":2,"minecraft:crafting_table":6,"minecraft:feather":1,"minecraft:chicken":1,"minecraft:salmon":27,"minecraft:leather":1,"minecraft:wooden_pickaxe":5,"minecraft:shield":2,"minecraft:string":4,"minecraft:dirt":27,"minecraft:cooked_salmon":2,"minecraft:iron_leggings":2,"minecraft:bone":2,"minecraft:spruce_planks":295,"minecraft:beef":1,"minecraft:iron_ingot":18,"minecraft:stone_pickaxe":1,"minecraft:poppy":1,"minecraft:chest":3,"minecraft:iron_boots":2,"minecraft:furnace":12,"minecraft:stick":2,"minecraft:raw_iron":30,"minecraft:cooked_porkchop":1,"minecraft:torch":16,"minecraft:porkchop":8,"minecraft:sand":7,"minecraft:spruce_sapling":5,"minecraft:spruce_log":79,"minecraft:spruce_door":10,"minecraft:spider_eye":4,"minecraft:arrow":2,"minecraft:stone_sword":2,"minecraft:rotten_flesh":5,"minecraft:spruce_boat":2,"minecraft:stone_axe":8,"minecraft:iron_helmet":2,"minecraft:bone_meal":1,"minecraft:coal":208,"minecraft:white_wool":1,"minecraft:cobblestone":108},"minecraft:killed":{"minecraft:pig":3,"minecraft:salmon":34,"minecraft:spider":7,"minecraft:iron_golem":1,"minecraft:creeper":1,"minecraft:sheep":1,"minecraft:zombie":5,"minecraft:chicken":1,"minecraft:stray":2,"minecraft:cow":1},"minecraft:killed_by":{"minecraft:skeleton":1,"minecraft:zombie":2},"minecraft:mined":{"minecraft:spruce_planks":5,"minecraft:spruce_door":10,"minecraft:crafting_table":4,"minecraft:short_grass":1,"minecraft:grass_block":8,"minecraft:chest":1,"minecraft:cobblestone":2,"minecraft:spruce_leaves":10,"minecraft:furnace":6,"minecraft:iron_ore":30,"minecraft:ice":4,"minecraft:spruce_log":49,"minecraft:coal_ore":45,"minecraft:dirt":14,"minecraft:sand":5,"minecraft:stone":88,"minecraft:fern":1}},"DataVersion":3953}