{"stats":{"minecraft:dropped":{"minecraft:sugar_cane":5,"minecraft:stone_sword":2,"minecraft:torch":32,"minecraft:spruce_planks":36,"minecraft:cooked_salmon":2,"minecraft:cobblestone":9,"minecraft:bone_meal":1,"minecraft:stone_pickaxe":1,"minecraft:coal":24,"minecraft:spruce_sapling":1},"minecraft:custom":{"minecraft:time_since_rest":13289,"minecraft:interact_with_furnace":6,"minecraft:sprint_one_cm":25957,"minecraft:damage_taken":755,"minecraft:walk_one_cm":39211,"minecraft:mob_kills":3,"minecraft:drop":83,"minecraft:damage_dealt":465,"minecraft:interact_with_crafting_table":4,"minecraft:swim_one_cm":30002,"minecraft:fly_one_cm":94684,"minecraft:crouch_one_cm":1299,"minecraft:play_time":36452,"minecraft:deaths":3,"minecraft:sneak_time":781,"minecraft:walk_under_water_one_cm":5226,"minecraft:jump":327,"minecraft:time_since_death":13263,"minecraft:leave_game":2,"minecraft:walk_on_water_one_cm":3683,"minecraft:total_world_time":36452,"minecraft:fall_one_cm":6441},"minecraft:used":{"minecraft:stone_sword":30,"minecraft:stone_pickaxe":48,"minecraft:spruce_sapling":2,"minecraft:torch":1,"minecraft:dirt":1,"minecraft:furnace":1,"minecraft:spruce_log":3},"minecraft:crafted":{"minecraft:spruce_planks":40,"minecraft:stick":8,"minecraft:stone_sword":2,"minecraft:furnace":1,"minecraft:cooked_salmon":3,"minecraft:torch":16,"minecraft:stone_axe":1,"minecraft:air":0},"minecraft:picked_up":{"minecraft:crafting_table":2,"minecraft:salmon":4,"minecraft:torch":17,"minecraft:spruce_sapling":3,"minecraft:spruce_log":13,"minecraft:spider_eye":1,"minecraft:dirt":3,"minecraft:cooked_salmon":2,"minecraft:stone_sword":3,"minecraft:stone_axe":1,"minecraft:spruce_planks":108,"minecraft:stone_pickaxe":4,"minecraft:bone_meal":3,"minecraft:sugar_cane":20,"minecraft:coal":100,"minecraft:cobblestone":43,"minecraft:furnace":1},"minecraft:killed":{"minecraft:salmon":2,"minecraft:spider":1},"minecraft:killed_by":{"minecraft:drowned":1},"minecraft:mined":{"minecraft:large_fern":1,"minecraft:furnace":1,"minecraft:ice":5,"minecraft:spruce_log":13,"minecraft:crafting_table":1,"minecraft:torch":1,"minecraft:grass_block":1,"minecraft:coal_ore":28,"minecraft:dirt":2,"minecraft:spruce_leaves":1,"minecraft:stone":16,"minecraft:sugar_cane":2}},"DataVersion":3953}