{"stats":{"minecraft:dropped":{"minecraft:sugar_cane":5,"minecraft:stone_sword":2,"minecraft:iron_helmet":1,"minecraft:cobblestone":9,"minecraft:coal":24,"minecraft:torch":32,"minecraft:spruce_planks":36,"minecraft:cooked_salmon":2,"minecraft:spider_eye":1,"minecraft:bone_meal":1,"minecraft:stone_pickaxe":1,"minecraft:spruce_sapling":1,"minecraft:bone":2},"minecraft:custom":{"minecraft:interact_with_furnace":19,"minecraft:mob_kills":3,"minecraft:interact_with_crafting_table":6,"minecraft:leave_game":2,"minecraft:time_since_death":28871,"minecraft:sleep_in_bed":4,"minecraft:climb_one_cm":3971,"minecraft:time_since_rest":8526,"minecraft:sprint_one_cm":79609,"minecraft:damage_taken":1673,"minecraft:walk_one_cm":104003,"minecraft:drop":87,"minecraft:damage_dealt":619,"minecraft:talked_to_villager":4,"minecraft:swim_one_cm":30002,"minecraft:fly_one_cm":262080,"minecraft:open_chest":5,"minecraft:crouch_one_cm":1885,"minecraft:play_time":78452,"minecraft:deaths":4,"minecraft:sneak_time":1426,"minecraft:walk_under_water_one_cm":5727,"minecraft:boat_one_cm":71645,"minecraft:jump":904,"minecraft:interact_with_brewingstand":2,"minecraft:walk_on_water_one_cm":3929,"minecraft:total_world_time":78452,"minecraft:fall_one_cm":19266},"minecraft:used":{"minecraft:stone_sword":33,"minecraft:stone_pickaxe":49,"minecraft:blue_bed":1,"minecraft:torch":1,"minecraft:dirt":6,"minecraft:white_carpet":5,"minecraft:crafting_table":1,"minecraft:white_bed":2,"minecraft:spruce_log":3,"minecraft:spruce_boat":1,"minecraft:apple":2,"minecraft:bread":4,"minecraft:spruce_sapling":2,"minecraft:stone_axe":1,"minecraft:furnace":2,"minecraft:splash_potion":1},"minecraft:crafted":{"minecraft:wooden_sword":1,"minecraft:crafting_table":1,"minecraft:spruce_planks":40,"minecraft:baked_potato":8,"minecraft:furnace":1,"minecraft:cooked_salmon":3,"minecraft:stone_axe":1,"minecraft:air":0,"minecraft:stick":12,"minecraft:stone_sword":2,"minecraft:torch":16},"minecraft:picked_up":{"minecraft:crafting_table":3,"minecraft:salmon":6,"minecraft:blue_bed":1,"minecraft:dirt":6,"minecraft:cooked_salmon":2,"minecraft:white_carpet":5,"minecraft:bone":4,"minecraft:spruce_planks":207,"minecraft:beef":1,"minecraft:stone_pickaxe":4,"minecraft:sugar_cane":46,"minecraft:chest":1,"minecraft:furnace":6,"minecraft:book":33,"minecraft:torch":17,"minecraft:spruce_sapling":3,"minecraft:white_bed":3,"minecraft:spruce_log":13,"minecraft:carrot":2,"minecraft:spider_eye":5,"minecraft:arrow":2,"minecraft:stone_sword":3,"minecraft:stone_axe":2,"minecraft:spruce_boat":2,"minecraft:iron_helmet":1,"minecraft:bone_meal":3,"minecraft:coal":100,"minecraft:cobblestone":43},"minecraft:killed":{"minecraft:salmon":2,"minecraft:spider":1},"minecraft:killed_by":{"minecraft:creeper":1,"minecraft:drowned":1},"minecraft:mined":{"minecraft:white_bed":3,"minecraft:crafting_table":2,"minecraft:torch":1,"minecraft:grass_block":2,"minecraft:spruce_leaves":1,"minecraft:sugar_cane":9,"minecraft:blue_bed":1,"minecraft:large_fern":1,"minecraft:furnace":1,"minecraft:carrots":2,"minecraft:ice":7,"minecraft:white_carpet":5,"minecraft:spruce_log":13,"minecraft:bookshelf":11,"minecraft:coal_ore":28,"minecraft:dirt":3,"minecraft:stone":16}},"DataVersion":3953}