{"stats":{"minecraft:dropped":{"minecraft:sugar_cane":5,"minecraft:stone_sword":2,"minecraft:torch":32,"minecraft:spruce_planks":36,"minecraft:cooked_salmon":2,"minecraft:cobblestone":9,"minecraft:bone_meal":1,"minecraft:stone_pickaxe":1,"minecraft:coal":24,"minecraft:spruce_sapling":1},"minecraft:custom":{"minecraft:time_since_rest":25289,"minecraft:interact_with_furnace":7,"minecraft:sprint_one_cm":28283,"minecraft:damage_taken":765,"minecraft:walk_one_cm":49419,"minecraft:mob_kills":3,"minecraft:drop":83,"minecraft:damage_dealt":511,"minecraft:interact_with_crafting_table":5,"minecraft:swim_one_cm":30002,"minecraft:fly_one_cm":105272,"minecraft:crouch_one_cm":1303,"minecraft:play_time":48452,"minecraft:deaths":3,"minecraft:sneak_time":792,"minecraft:walk_under_water_one_cm":5727,"minecraft:boat_one_cm":71645,"minecraft:jump":393,"minecraft:time_since_death":25263,"minecraft:leave_game":2,"minecraft:walk_on_water_one_cm":3707,"minecraft:total_world_time":48452,"minecraft:fall_one_cm":8113},"minecraft:used":{"minecraft:spruce_boat":1,"minecraft:stone_sword":30,"minecraft:stone_pickaxe":49,"minecraft:spruce_sapling":2,"minecraft:torch":1,"minecraft:dirt":5,"minecraft:furnace":1,"minecraft:spruce_log":3},"minecraft:crafted":{"minecraft:spruce_planks":40,"minecraft:stick":8,"minecraft:stone_sword":2,"minecraft:furnace":1,"minecraft:cooked_salmon":3,"minecraft:torch":16,"minecraft:stone_axe":1,"minecraft:air":0},"minecraft:picked_up":{"minecraft:crafting_table":2,"minecraft:salmon":4,"minecraft:torch":17,"minecraft:spruce_sapling":3,"minecraft:spruce_log":13,"minecraft:spider_eye":1,"minecraft:dirt":5,"minecraft:cooked_salmon":2,"minecraft:stone_sword":3,"minecraft:spruce_boat":1,"minecraft:stone_axe":1,"minecraft:spruce_planks":108,"minecraft:stone_pickaxe":4,"minecraft:bone_meal":3,"minecraft:sugar_cane":20,"minecraft:coal":100,"minecraft:cobblestone":43,"minecraft:furnace":1},"minecraft:killed":{"minecraft:salmon":2,"minecraft:spider":1},"minecraft:killed_by":{"minecraft:drowned":1},"minecraft:mined":{"minecraft:large_fern":1,"minecraft:furnace":1,"minecraft:ice":7,"minecraft:spruce_log":13,"minecraft:crafting_table":1,"minecraft:torch":1,"minecraft:grass_block":1,"minecraft:coal_ore":28,"minecraft:dirt":3,"minecraft:spruce_leaves":1,"minecraft:stone":16,"minecraft:sugar_cane":2}},"DataVersion":3953}