{"stats":{"minecraft:dropped":{"minecraft:sugar_cane":5,"minecraft:stone_sword":2,"minecraft:torch":32,"minecraft:spruce_planks":36,"minecraft:cooked_salmon":2,"minecraft:cobblestone":9,"minecraft:spider_eye":1,"minecraft:bone_meal":1,"minecraft:stone_pickaxe":1,"minecraft:coal":24,"minecraft:spruce_sapling":1},"minecraft:custom":{"minecraft:time_since_rest":10916,"minecraft:interact_with_furnace":7,"minecraft:sprint_one_cm":60193,"minecraft:damage_taken":1543,"minecraft:walk_one_cm":67080,"minecraft:mob_kills":3,"minecraft:drop":84,"minecraft:damage_dealt":609,"minecraft:interact_with_crafting_table":5,"minecraft:swim_one_cm":30002,"minecraft:fly_one_cm":235896,"minecraft:open_chest":4,"minecraft:crouch_one_cm":1304,"minecraft:play_time":60452,"minecraft:deaths":4,"minecraft:sneak_time":793,"minecraft:walk_under_water_one_cm":5727,"minecraft:boat_one_cm":71645,"minecraft:jump":739,"minecraft:interact_with_brewingstand":1,"minecraft:time_since_death":10871,"minecraft:leave_game":2,"minecraft:walk_on_water_one_cm":3754,"minecraft:climb_one_cm":32,"minecraft:total_world_time":60452,"minecraft:fall_one_cm":13214},"minecraft:used":{"minecraft:spruce_boat":1,"minecraft:stone_sword":33,"minecraft:bread":2,"minecraft:stone_pickaxe":49,"minecraft:spruce_sapling":2,"minecraft:torch":1,"minecraft:dirt":5,"minecraft:white_carpet":5,"minecraft:furnace":1,"minecraft:splash_potion":1,"minecraft:spruce_log":3},"minecraft:crafted":{"minecraft:spruce_planks":40,"minecraft:stick":8,"minecraft:stone_sword":2,"minecraft:furnace":1,"minecraft:cooked_salmon":3,"minecraft:torch":16,"minecraft:stone_axe":1,"minecraft:air":0},"minecraft:picked_up":{"minecraft:book":33,"minecraft:crafting_table":2,"minecraft:salmon":4,"minecraft:torch":17,"minecraft:spruce_sapling":3,"minecraft:carrot":2,"minecraft:spruce_log":13,"minecraft:white_carpet":5,"minecraft:spider_eye":2,"minecraft:dirt":5,"minecraft:cooked_salmon":2,"minecraft:stone_sword":3,"minecraft:spruce_boat":1,"minecraft:stone_axe":1,"minecraft:spruce_planks":108,"minecraft:stone_pickaxe":4,"minecraft:bone_meal":3,"minecraft:sugar_cane":46,"minecraft:coal":100,"minecraft:cobblestone":43,"minecraft:furnace":1},"minecraft:killed":{"minecraft:salmon":2,"minecraft:spider":1},"minecraft:killed_by":{"minecraft:drowned":1,"minecraft:creeper":1},"minecraft:mined":{"minecraft:large_fern":1,"minecraft:furnace":1,"minecraft:carrots":2,"minecraft:ice":7,"minecraft:white_carpet":5,"minecraft:spruce_log":13,"minecraft:bookshelf":11,"minecraft:crafting_table":1,"minecraft:torch":1,"minecraft:grass_block":1,"minecraft:coal_ore":28,"minecraft:dirt":3,"minecraft:spruce_leaves":1,"minecraft:stone":16,"minecraft:sugar_cane":9}},"DataVersion":3953}