{"stats":{"minecraft:dropped":{"minecraft:torch":16,"minecraft:stone_sword":1},"minecraft:custom":{"minecraft:time_since_rest":12452,"minecraft:crouch_one_cm":704,"minecraft:play_time":12452,"minecraft:sprint_one_cm":3533,"minecraft:damage_taken":60,"minecraft:walk_one_cm":14034,"minecraft:sneak_time":535,"minecraft:drop":2,"minecraft:jump":95,"minecraft:leave_game":2,"minecraft:time_since_death":12452,"minecraft:total_world_time":12452,"minecraft:interact_with_crafting_table":3,"minecraft:fall_one_cm":1762,"minecraft:fly_one_cm":5234},"minecraft:used":{"minecraft:torch":1,"minecraft:stone_pickaxe":46,"minecraft:spruce_log":3,"minecraft:spruce_sapling":1},"minecraft:crafted":{"minecraft:stone_sword":2,"minecraft:torch":16,"minecraft:stone_axe":1,"minecraft:spruce_planks":40,"minecraft:stick":8},"minecraft:picked_up":{"minecraft:crafting_table":1,"minecraft:torch":17,"minecraft:stone_pickaxe":1,"minecraft:spruce_sapling":1,"minecraft:spruce_log":13,"minecraft:coal":28,"minecraft:cobblestone":16},"minecraft:mined":{"minecraft:large_fern":1,"minecraft:coal_ore":28,"minecraft:spruce_leaves":1,"minecraft:spruce_log":13,"minecraft:stone":16,"minecraft:crafting_table":1,"minecraft:torch":1}},"DataVersion":3953}