{"stats":{"minecraft:dropped":{"minecraft:iron_ingot":6,"minecraft:dirt":7,"minecraft:stone_axe":5,"minecraft:ink_sac":3,"minecraft:stone_sword":6,"minecraft:torch":32,"minecraft:cobblestone":22,"minecraft:spruce_log":60,"minecraft:stone_pickaxe":5,"minecraft:spruce_sapling":2,"minecraft:stick":22},"minecraft:custom":{"minecraft:time_since_rest":7045,"minecraft:interact_with_furnace":10,"minecraft:sprint_one_cm":156695,"minecraft:walk_one_cm":102290,"minecraft:damage_taken":1575,"minecraft:mob_kills":3,"minecraft:drop":42,"minecraft:damage_dealt":285,"minecraft:swim_one_cm":25056,"minecraft:interact_with_crafting_table":12,"minecraft:fly_one_cm":93139,"minecraft:crouch_one_cm":12,"minecraft:play_time":60396,"minecraft:deaths":6,"minecraft:sneak_time":179,"minecraft:walk_under_water_one_cm":14413,"minecraft:boat_one_cm":97259,"minecraft:jump":519,"minecraft:walk_on_water_one_cm":1297,"minecraft:leave_game":3,"minecraft:time_since_death":7012,"minecraft:total_world_time":60396,"minecraft:fall_one_cm":10442},"minecraft:used":{"minecraft:stone_sword":11,"minecraft:spruce_planks":1,"minecraft:wooden_pickaxe":14,"minecraft:cooked_salmon":1,"minecraft:spruce_sapling":8,"minecraft:stone_axe":41,"minecraft:dirt":5,"minecraft:crafting_table":3,"minecraft:spider_eye":1,"minecraft:spruce_log":1},"minecraft:crafted":{"minecraft:crafting_table":1,"minecraft:spruce_planks":16,"minecraft:stick":12,"minecraft:wooden_pickaxe":1,"minecraft:stone_pickaxe":2,"minecraft:stone_sword":1,"minecraft:stone_axe":2},"minecraft:picked_up":{"minecraft:stick":41,"minecraft:crafting_table":4,"minecraft:salmon":4,"minecraft:torch":48,"minecraft:spruce_sapling":10,"minecraft:ink_sac":6,"minecraft:shield":1,"minecraft:spruce_log":109,"minecraft:spider_eye":2,"minecraft:dirt":17,"minecraft:cooked_salmon":1,"minecraft:stone_sword":9,"minecraft:stone_axe":8,"minecraft:spruce_planks":1,"minecraft:iron_ingot":12,"minecraft:stone_pickaxe":8,"minecraft:coal":16,"minecraft:white_wool":1,"minecraft:cobblestone":60},"minecraft:killed":{"minecraft:salmon":2,"minecraft:squid":1},"minecraft:killed_by":{"minecraft:skeleton":1},"minecraft:mined":{"minecraft:spruce_planks":1,"minecraft:ice":12,"minecraft:spruce_log":35,"minecraft:crafting_table":2,"minecraft:grass_block":2,"minecraft:dirt":3,"minecraft:spruce_leaves":13,"minecraft:stone":14,"minecraft:fern":1}},"DataVersion":3953}