{"stats":{"minecraft:dropped":{"minecraft:stone_axe":1,"minecraft:stone_pickaxe":1},"minecraft:custom":{"minecraft:time_since_rest":12405,"minecraft:crouch_one_cm":12,"minecraft:play_time":24396,"minecraft:sprint_one_cm":46340,"minecraft:deaths":1,"minecraft:damage_taken":285,"minecraft:walk_one_cm":31456,"minecraft:sneak_time":34,"minecraft:drop":2,"minecraft:jump":197,"minecraft:damage_dealt":10,"minecraft:leave_game":3,"minecraft:time_since_death":11529,"minecraft:total_world_time":24396,"minecraft:interact_with_crafting_table":10,"minecraft:fall_one_cm":4037,"minecraft:fly_one_cm":23304},"minecraft:used":{"minecraft:stone_axe":27,"minecraft:crafting_table":2,"minecraft:spruce_planks":1,"minecraft:wooden_pickaxe":14,"minecraft:spruce_log":1,"minecraft:spruce_sapling":4},"minecraft:crafted":{"minecraft:stone_sword":1,"minecraft:stone_axe":2,"minecraft:crafting_table":1,"minecraft:spruce_planks":16,"minecraft:stick":12,"minecraft:wooden_pickaxe":1,"minecraft:stone_pickaxe":2},"minecraft:picked_up":{"minecraft:stone_sword":1,"minecraft:stick":6,"minecraft:crafting_table":1,"minecraft:stone_axe":1,"minecraft:spruce_planks":1,"minecraft:stone_pickaxe":2,"minecraft:spruce_sapling":4,"minecraft:spruce_log":42,"minecraft:white_wool":1,"minecraft:cobblestone":16},"minecraft:mined":{"minecraft:spruce_planks":1,"minecraft:spruce_leaves":13,"minecraft:spruce_log":28,"minecraft:stone":14,"minecraft:crafting_table":1},"minecraft:killed_by":{"minecraft:skeleton":1}},"DataVersion":3953}