{"stats":{"minecraft:dropped":{"minecraft:iron_ingot":6,"minecraft:furnace":4,"minecraft:stone_axe":6,"minecraft:stone_sword":6,"minecraft:cobblestone":22,"minecraft:white_bed":1,"minecraft:stick":22,"minecraft:dirt":7,"minecraft:ink_sac":3,"minecraft:torch":32,"minecraft:spruce_log":60,"minecraft:stone_pickaxe":6,"minecraft:spruce_sapling":2},"minecraft:custom":{"minecraft:interact_with_furnace":10,"minecraft:mob_kills":4,"minecraft:interact_with_crafting_table":12,"minecraft:interact_with_cartography_table":1,"minecraft:open_barrel":2,"minecraft:interact_with_stonecutter":1,"minecraft:leave_game":3,"minecraft:time_since_death":31012,"minecraft:sleep_in_bed":5,"minecraft:time_since_rest":2526,"minecraft:sprint_one_cm":225229,"minecraft:damage_taken":1890,"minecraft:walk_one_cm":185577,"minecraft:drop":46,"minecraft:damage_dealt":405,"minecraft:swim_one_cm":25056,"minecraft:fly_one_cm":143226,"minecraft:open_chest":5,"minecraft:crouch_one_cm":12,"minecraft:play_time":84396,"minecraft:deaths":6,"minecraft:sneak_time":179,"minecraft:walk_under_water_one_cm":14413,"minecraft:boat_one_cm":142154,"minecraft:jump":825,"minecraft:walk_on_water_one_cm":1297,"minecraft:total_world_time":84396,"minecraft:fall_one_cm":15195},"minecraft:used":{"minecraft:stone_sword":16,"minecraft:stone_pickaxe":4,"minecraft:spruce_planks":1,"minecraft:wooden_pickaxe":14,"minecraft:cooked_salmon":5,"minecraft:rotten_flesh":4,"minecraft:dirt":8,"minecraft:crafting_table":3,"minecraft:spider_eye":1,"minecraft:white_bed":1,"minecraft:spruce_log":1,"minecraft:spruce_boat":1,"minecraft:spruce_sapling":8,"minecraft:stone_axe":42},"minecraft:crafted":{"minecraft:crafting_table":1,"minecraft:spruce_planks":16,"minecraft:wooden_pickaxe":1,"minecraft:stone_axe":2,"minecraft:stick":12,"minecraft:stone_pickaxe":2,"minecraft:stone_sword":1},"minecraft:picked_up":{"minecraft:crafting_table":5,"minecraft:salmon":4,"minecraft:shield":1,"minecraft:lantern":1,"minecraft:dirt":35,"minecraft:cooked_salmon":7,"minecraft:spruce_planks":1,"minecraft:iron_ingot":12,"minecraft:stone_pickaxe":10,"minecraft:poppy":1,"minecraft:sugar_cane":13,"minecraft:furnace":4,"minecraft:stick":41,"minecraft:torch":48,"minecraft:spruce_sapling":10,"minecraft:ink_sac":6,"minecraft:white_bed":3,"minecraft:spruce_log":109,"minecraft:spruce_door":1,"minecraft:spider_eye":2,"minecraft:stone_sword":10,"minecraft:rotten_flesh":5,"minecraft:stone_axe":9,"minecraft:spruce_boat":2,"minecraft:bone_meal":1,"minecraft:coal":39,"minecraft:snowball":62,"minecraft:white_wool":1,"minecraft:cobblestone":60},"minecraft:killed":{"minecraft:salmon":2,"minecraft:squid":1,"minecraft:zombie":1},"minecraft:killed_by":{"minecraft:skeleton":1},"minecraft:mined":{"minecraft:spruce_planks":1,"minecraft:white_bed":3,"minecraft:crafting_table":2,"minecraft:grass_block":2,"minecraft:spruce_leaves":13,"minecraft:sugar_cane":2,"minecraft:furnace":3,"minecraft:ice":12,"minecraft:spruce_log":35,"minecraft:lantern":1,"minecraft:dirt":3,"minecraft:packed_ice":1,"minecraft:stone":14,"minecraft:fern":1}},"DataVersion":3953}