{"stats":{"minecraft:dropped":{"minecraft:iron_ingot":3,"minecraft:dirt":6,"minecraft:stone_axe":4,"minecraft:stone_sword":5,"minecraft:torch":32,"minecraft:cobblestone":11,"minecraft:spruce_log":60,"minecraft:stone_pickaxe":4,"minecraft:spruce_sapling":1,"minecraft:stick":16},"minecraft:custom":{"minecraft:time_since_rest":3475,"minecraft:interact_with_furnace":9,"minecraft:sprint_one_cm":130501,"minecraft:walk_one_cm":81655,"minecraft:damage_taken":1265,"minecraft:mob_kills":3,"minecraft:drop":33,"minecraft:damage_dealt":277,"minecraft:swim_one_cm":25056,"minecraft:interact_with_crafting_table":10,"minecraft:fly_one_cm":83918,"minecraft:crouch_one_cm":12,"minecraft:play_time":48396,"minecraft:deaths":5,"minecraft:sneak_time":179,"minecraft:walk_under_water_one_cm":13521,"minecraft:jump":441,"minecraft:walk_on_water_one_cm":1112,"minecraft:leave_game":3,"minecraft:time_since_death":3437,"minecraft:total_world_time":48396,"minecraft:fall_one_cm":8493},"minecraft:used":{"minecraft:stone_sword":11,"minecraft:spruce_planks":1,"minecraft:wooden_pickaxe":14,"minecraft:cooked_salmon":1,"minecraft:spruce_sapling":7,"minecraft:stone_axe":41,"minecraft:crafting_table":3,"minecraft:spruce_log":1},"minecraft:crafted":{"minecraft:crafting_table":1,"minecraft:spruce_planks":16,"minecraft:stick":12,"minecraft:wooden_pickaxe":1,"minecraft:stone_pickaxe":2,"minecraft:stone_sword":1,"minecraft:stone_axe":2},"minecraft:picked_up":{"minecraft:stick":35,"minecraft:crafting_table":4,"minecraft:salmon":4,"minecraft:torch":48,"minecraft:spruce_sapling":9,"minecraft:ink_sac":3,"minecraft:shield":1,"minecraft:spruce_log":109,"minecraft:spider_eye":1,"minecraft:dirt":12,"minecraft:cooked_salmon":1,"minecraft:stone_sword":8,"minecraft:stone_axe":7,"minecraft:spruce_planks":1,"minecraft:iron_ingot":9,"minecraft:stone_pickaxe":7,"minecraft:white_wool":1,"minecraft:cobblestone":49},"minecraft:killed":{"minecraft:salmon":2,"minecraft:squid":1},"minecraft:killed_by":{"minecraft:skeleton":1},"minecraft:mined":{"minecraft:spruce_planks":1,"minecraft:ice":10,"minecraft:spruce_log":35,"minecraft:crafting_table":2,"minecraft:spruce_leaves":13,"minecraft:stone":14,"minecraft:fern":1}},"DataVersion":3953}