{"stats":{"minecraft:dropped":{"minecraft:dirt":4,"minecraft:stone_axe":3,"minecraft:stone_sword":4,"minecraft:torch":32,"minecraft:spruce_log":60,"minecraft:stone_pickaxe":3,"minecraft:stick":10},"minecraft:custom":{"minecraft:time_since_rest":2089,"minecraft:interact_with_furnace":3,"minecraft:sprint_one_cm":97807,"minecraft:walk_one_cm":59630,"minecraft:damage_taken":480,"minecraft:mob_kills":1,"minecraft:drop":25,"minecraft:damage_dealt":137,"minecraft:swim_one_cm":1397,"minecraft:interact_with_crafting_table":10,"minecraft:fly_one_cm":52007,"minecraft:crouch_one_cm":12,"minecraft:play_time":36396,"minecraft:deaths":2,"minecraft:sneak_time":45,"minecraft:walk_under_water_one_cm":4080,"minecraft:jump":321,"minecraft:walk_on_water_one_cm":626,"minecraft:leave_game":3,"minecraft:time_since_death":2052,"minecraft:total_world_time":36396,"minecraft:fall_one_cm":6167},"minecraft:used":{"minecraft:stone_sword":6,"minecraft:spruce_planks":1,"minecraft:wooden_pickaxe":14,"minecraft:cooked_salmon":1,"minecraft:spruce_sapling":6,"minecraft:stone_axe":35,"minecraft:crafting_table":2,"minecraft:spruce_log":1},"minecraft:crafted":{"minecraft:crafting_table":1,"minecraft:spruce_planks":16,"minecraft:stick":12,"minecraft:wooden_pickaxe":1,"minecraft:stone_pickaxe":2,"minecraft:stone_sword":1,"minecraft:stone_axe":2},"minecraft:picked_up":{"minecraft:stick":16,"minecraft:crafting_table":2,"minecraft:salmon":1,"minecraft:torch":48,"minecraft:spruce_sapling":6,"minecraft:spruce_log":109,"minecraft:spider_eye":1,"minecraft:dirt":6,"minecraft:cooked_salmon":1,"minecraft:stone_sword":5,"minecraft:stone_axe":4,"minecraft:spruce_planks":1,"minecraft:stone_pickaxe":4,"minecraft:white_wool":1,"minecraft:cobblestone":16},"minecraft:killed":{"minecraft:salmon":1},"minecraft:killed_by":{"minecraft:skeleton":1},"minecraft:mined":{"minecraft:spruce_planks":1,"minecraft:ice":1,"minecraft:spruce_log":35,"minecraft:crafting_table":2,"minecraft:spruce_leaves":13,"minecraft:stone":14,"minecraft:fern":1}},"DataVersion":3953}