{"stats":{"minecraft:dropped":{"minecraft:stone_axe":1},"minecraft:custom":{"minecraft:time_since_rest":522,"minecraft:deaths":1,"minecraft:play_time":12513,"minecraft:sprint_one_cm":21345,"minecraft:damage_taken":265,"minecraft:walk_one_cm":12327,"minecraft:drop":1,"minecraft:jump":94,"minecraft:damage_dealt":10,"minecraft:time_since_death":0,"minecraft:leave_game":3,"minecraft:total_world_time":12513,"minecraft:fall_one_cm":1672,"minecraft:interact_with_crafting_table":7,"minecraft:fly_one_cm":11419},"minecraft:used":{"minecraft:stone_axe":12,"minecraft:crafting_table":2,"minecraft:wooden_pickaxe":14,"minecraft:spruce_planks":1,"minecraft:spruce_sapling":2},"minecraft:crafted":{"minecraft:crafting_table":1,"minecraft:stone_axe":2,"minecraft:spruce_planks":16,"minecraft:stick":12,"minecraft:wooden_pickaxe":1,"minecraft:stone_pickaxe":2},"minecraft:picked_up":{"minecraft:crafting_table":1,"minecraft:spruce_planks":1,"minecraft:spruce_sapling":2,"minecraft:spruce_log":18,"minecraft:white_wool":1,"minecraft:cobblestone":14},"minecraft:mined":{"minecraft:spruce_planks":1,"minecraft:spruce_log":18,"minecraft:spruce_leaves":7,"minecraft:stone":14,"minecraft:crafting_table":1},"minecraft:killed_by":{"minecraft:skeleton":1}},"DataVersion":3953}